{
  "productid": "737052",
  "ttproductid": "P01774913",
  "handsetcode": "5S16S",
  "offercode": "1417019",
  "imageFront": "image/5S16S_FRONT.img",
  "imageBack": "image/5S16S_BACK.img",
  "imageDetails": "image/5S16S_DETAILS.img",
  "productcategory": "EQUIPMENT",
  "description": "iPhone 5S 16GB",
  "extraDescription": "Apple iPhone 5S",
  "manufacturer": "Apple",
  "outOfStock": false,
  "categoryfeatures-Stylish Phones": true,
  "categoryfeatures-Business Phones": false,
  "categoryfeatures-Simple Phones": false,
  "colors-0": "Grey",
  "colors-1": "Silver",
  "Screen size-0": "4000",
  "Screen size-1": "true",
  "Weight-0": "112000",
  "Weight-1": "true",
  "Battery Life-0": "0",
  "Battery Life-1": "false",
  "Ratings-0": "4.3421",
  "Ratings-1": "true",
  "filterfeatures-3G": true,
  "filterfeatures-Bluetooth": true,
  "filterfeatures-Camera": true,
  "filterfeatures-Email": true,
  "filterfeatures-Internet browser": true,
  "filterfeatures-MP3 player": true,
  "filterfeatures-Picture messaging": true,
  "filterfeatures-Smartphone": true,
  "filterfeatures-Touchscreen": true,
  "filterfeatures-Video messaging": true,
  "filterfeatures-Video recording": true,
  "filterfeatures-WiFi": true,
  "filterfeatures-Large keys": false,
  "filterfeatures-Memory card": false,
  "filterfeatures-FM radio": false,
  "filterfeatures-QWERTY keyboard": false,
  "filterfeatures-Android": false,
  "filterfeatures-LandlineOnly": false,
  "inFuture": false,
  "rating": "4.3421",
  "enabled4G": true,
  "productDescription": "Product description text goes here. Amend how you want. Lorem ipsum dolor sit amet, consectetur adipiscing elit. Nunc accumsan aliquet purus at pellentesque. Vivamus congue tortor vel metus imperdiet, at fermentum quam vehicula. Quisque ac nunc dolor. Proin non scelerisque nulla. Nam fermentum ex ac erat vehicula porttitor. Nulla id purus massa.",
  "priceFrom": 0
}
